userid,played
100,Bee Movie Game
100,Resident Evil 4
101,Resident Evil 4
101,Bee Movie Game
102,Bee Movie Game
102,Resident Evil 4
103,Resident Evil 4
103,Bee Movie Game
104,Afrika
104,Bee Movie Game
105,Shrek the Third
105,Bee Movie Game
106,Shrek SuperSlam
106,Resistance 2
107,Bee Movie Game
107,Forza Motorsport 2
108,Call of Duty 3
108,Bee Movie Game
109,Bee Movie Game
110,Devil May Cry 4
110,Bee Movie Game
110,Over the Hedge
111,Final Fantasy IV
111,Bee Movie Game
111,Chrono Trigger